Frequency (Hz),Channel 1 Magnitude (dB),Channel 2 Magnitude (dB),Channel 2 Phase (deg)
20.00000000000002,0.02917008721741725,1.051693802061263,178.9567156607984
20.13863337703611,0.02967604313621057,1.051007362027585,178.9508189507862
20.2782277147336,0.02935002326481517,1.053181683585618,178.9395000779707
20.41878967415362,0.02936132348612907,1.051185078831401,178.9327907749029
20.56032596252949,0.02932763374562915,1.051248527787627,178.9255928095091
20.70284333358691,0.02947430115097503,1.050679347410999,178.9194880650423
20.84634858786609,0.02941712366155914,1.050765701623641,178.9122051390909
20.99084857304646,0.02957773224813901,1.051151591821234,178.9023518528032
21.13635018427319,0.02949241503010707,1.051013505494864,178.8977280294574
21.28286036448635,0.02949987207164394,1.050621770353837,178.8890762510906
21.43038610475214,0.02964139163174956,1.050514961615247,178.8796845558747
21.57893444459659,0.02927622471396629,1.050862535360654,178.8739374535192
21.72851247234133,0.02934622449264153,1.051081504145523,178.8659414148815
21.8791273254419,0.02943578534987546,1.050810607582732,178.8587576718739
22.03078619082831,0.02947195607207317,1.05071322685389,178.8509172831768
22.18349630524804,0.02921313758733611,1.050884606993211,178.8429170989382
22.33726495561125,0.02930294796742393,1.050592112243664,178.8343335798774
22.49209947933856,0.02944985837196896,1.051754569555622,178.8257524657953
22.64800726471115,0.02959456832671594,1.050066770983393,178.8133663693338
22.80499575122339,0.02949646491415456,1.05030072374496,178.811163820625
22.96307242993768,0.02941203875993802,1.050557878419257,178.8001602111951
23.12224484384201,0.02951303305157006,1.050425273185382,178.7921669130582
23.28252058820984,0.02941298320626327,1.050784117685642,178.7823046817826
23.44390731096263,0.02954957281917354,1.051451978736182,178.7725929398752
23.60641271303462,0.02979687656201838,1.052577672093692,178.767745091831
23.7700445487404,0.02934489508989047,1.052890975162802,178.753857036527
23.93481062614488,0.02945153922625763,1.050081931456147,178.7473111266498
24.10071880743597,0.02950039448518613,1.050072126217498,178.7415964508444
24.26777700929958,0.02937425170789566,1.050695895578732,178.7390320151965
24.43599320329747,0.02967978412399351,1.052987146686179,178.7230120068949
24.60537541624765,0.02940716132493468,1.050578862062081,178.7125885542023
24.77593173060741,0.02933601902015172,1.050287717103685,178.7063248632113
24.94767028485889,0.02935344987587673,1.050207092799199,178.6946247744721
25.12059927389754,0.02928375227683349,1.050046208172828,178.685676277984
25.29472694942304,0.02962266086802858,1.050092481147801,178.6759728977913
25.47006162033326,0.02929234925592827,1.050372319611545,178.6663879695995
25.64661165312046,0.02931177392685994,1.050852925177183,178.6597687430478
25.82438547227072,0.02946859571682749,1.050458050462616,178.6487734563728
26.00339156066583,0.02948757512135968,1.05048256628964,178.6413002363058
26.18363845998817,0.02951345047718118,1.053125744355463,178.6315861770771
26.36513477112818,0.02940930198688457,1.051156906121383,178.629710557389
26.54788915459483,0.02962621743823549,1.050664406995799,178.6123286572525
26.73191033092887,0.02974900499840368,1.050085152336686,178.6048274747016
26.91720708111899,0.02973143924465142,1.04960194972716,178.5936007153166
27.10378824702076,0.02959211211894551,1.049659552226336,178.5831156099098
27.29166273177853,0.02969590318098417,1.050149779626278,178.5716448804389
27.48083950025033,0.02969772996878347,1.050448813639024,178.5619859179349
27.67132757943565,0.02945344256839361,1.050520209346062,178.5513261528305
27.8631360589061,0.02964599259561516,1.050929552533452,178.5416135971162
28.05627409123921,0.02968422573862116,1.050104989519468,178.5312551099408
28.25075089245511,0.02955509119880053,1.050185967322003,178.5210387529591
28.44657574245643,0.02976570956958021,1.049743216154661,178.5112334496041
28.64375798547091,0.02978252985660357,1.04962213219035,178.5025659976457
28.84230703049742,0.02991532427815952,1.049563969355744,178.4913967887587
29.04223235175487,0.0297994066933522,1.05179034708033,178.4774282481069
29.2435434891344,0.02948312765371211,1.050299516481312,178.469166023153
29.44625004865442,0.02961213942514763,1.050627504107418,178.4575538855861
29.65036170291912,0.02938085213188621,1.049892217153138,178.4462963782675
29.85588819157995,0.02975173437151202,1.049954365995384,178.4345516004407
30.06283932180045,0.02920102214939838,1.050613233379352,178.4255927462293
30.2712249687242,0.02963179997364662,1.050505060557014,178.4189098430106
30.48105507594585,0.02923736548292918,1.050876580372612,178.3970978900732
30.69233965598591,0.02939854883997362,1.050210375164549,178.3909595102075
30.90508879076828,0.02969302609690696,1.050488525603258,178.3810365932081
31.11931263210153,0.02976474679620142,1.05034870707828,178.3697083795498
31.335021402163,0.02957177952268283,1.050169705335852,178.3579936254257
31.552225393987,0.0290541581297562,1.050747834365239,178.3479210422136
31.77093497195558,0.02920954546503974,1.050703383633666,178.336282708115
31.99116057229342,0.02963000009149711,1.051545698540335,178.3175855517606
32.21291270356543,0.02938503980821758,1.050454236157442,178.310152305041
32.43620194717863,0.02967236129691488,1.050131419633858,178.2989923324706
32.66103895788669,0.02955539897326935,1.050609287981924,178.2877546131767
32.88743446429865,0.02948516924462762,1.050923226318217,178.2774968216271
33.11539926939059,0.02939641938752164,1.051282194644004,178.265849306834
33.34494425102129,0.02964970002636097,1.050509972942527,178.2526120662572
33.57608036245121,0.02954906720245192,1.050984817489291,178.2385637378
33.8088186328653,0.02962259687521616,1.050651874610473,178.2270589971354
34.04317016789904,0.0295953127419701,1.050944636827631,178.2139839538583
34.27914615016854,0.02925821993536608,1.05082664785916,178.2005336835973
34.51675783980408,0.02938131689164112,1.051091157630741,178.1882785067033
34.75601657498753,0.02947224728615234,1.051403816606043,178.175967333634
34.99693377249316,0.0294921367545498,1.050992402991147,178.1601110662775
35.23952092823262,0.02956568444611272,1.051028022724243,178.1483349230851
35.48378961780332,0.02954380491921013,1.05074415459527,178.1366315193285
35.72975149704103,0.02915392398916174,1.053341649832735,178.1230934773153
35.97741830257578,0.02970144206265022,1.050767150023494,178.1081417231966
36.22680185239209,0.02961252457657435,1.05127431347899,178.0966192165482
36.47791404639277,0.02953252252580461,1.050990944907298,178.0859604701405
36.73076686696695,0.02944684317415037,1.051100225244481,178.0677571097108
36.9853723795616,0.02949493307763854,1.051747497366239,178.065622835301
37.24174273325739,0.0292663145084162,1.051906100440377,178.0435217837276
37.49989016134838,0.02960019148947999,1.051694138405745,178.0240960453307
37.75982698192589,0.02952383473975074,1.051737219007427,178.0149663586518
38.02156559846603,0.02943919522196747,1.051418973703321,178.0001083054516
38.28511850042176,0.02972749673874592,1.051364161132753,177.9837089550587
38.55049826381873,0.02962417089431432,1.051383726247405,177.9662995741093
38.81771755185559,0.02943246316059828,1.05127029254967,177.9558770138302
39.08678911550793,0.02965586795958285,1.051673116056364,177.9347090766666
39.35772579413694,0.02935657979157179,1.052366651181949,177.9237238138073
39.63054051610197,0.0293184728400971,1.053352609014735,177.9095383824987
39.90524629937762,0.02942867911785638,1.051266586673928,177.8974546634591
40.1818562521746,0.02938349246116235,1.051485746704526,177.880717223322
40.46038357356548,0.02974573061768133,1.053221487107568,177.8676269985755
40.74084155411438,0.02941790947235405,1.051317275105971,177.851612806392
41.02324357651133,0.02981769297706881,1.051288430084522,177.8381272979497
41.30760311621062,0.03009907396865215,1.051126915538003,177.819405480418
41.59393374207396,0.02972042925786859,1.051505233434069,177.8052134480887
41.88224911701787,0.02972922513315127,1.052591052138006,177.7896533780161
42.17256299866582,0.03010121852185526,1.051225251040119,177.7738820385257
42.46488924000442,0.02983025896931,1.051374670795262,177.7576433153947
42.7592417900447,0.02970253994556105,1.051878372927284,177.7431747062743
43.05563469448747,0.02968937442883149,1.052470687749366,177.7281179428591
43.35408209639392,0.02936197588381301,1.052315714109399,177.711549601169
43.65459823686007,0.02964350372299379,1.052094093582411,177.6917126614676
43.95719745569655,0.02958247925654675,1.051733085561352,177.6811521877801
44.26189419211277,0.02936575288498527,1.052484834059792,177.6602497468632
44.56870298540611,0.02940296870295327,1.052437869198499,177.6428268315116
44.87763847565537,0.02955704541056507,1.052209136395539,177.6281089607774
45.18871540441961,0.02917230620764237,1.052463644787949,177.6134236341173
45.50194861544143,0.02959313043035494,1.052203369545001,177.5992938088193
45.81735305535549,0.02958469603905369,1.05246526730788,177.5850881400049
46.13494377440143,0.02952269583005238,1.051856807579406,177.5632084246526
46.4547359271422,0.02946280726209134,1.053096474307896,177.5515667325988
46.77674477318712,0.0295403771495315,1.053969214055439,177.5331864028668
47.10098567792023,0.02953271053905514,1.05325797755999,177.5166193539134
47.42747411323315,0.02979733668009129,1.051873679219798,177.4938351433476
47.75622565826362,0.02942052708865255,1.052314252670877,177.4828596923379
48.08725600013869,0.02925608766017842,1.052649267312647,177.4590678740066
48.4205809347236,0.02937137686036942,1.05377341268667,177.4400061908497
48.7562163673751,0.02947362525620317,1.053726606412094,177.425835246281
49.09417831370067,0.0295307152345845,1.054724417304262,177.4064643700631
49.43448290032264,0.02930738255588897,1.054275216696631,177.3998155391321
49.77714636564786,0.02918211517008381,1.054373852868415,177.3785268031102
50.12218506064233,0.02909292941677574,1.053805980067673,177.3610664687199
50.46961544961156,0.02926865594534171,1.053907812814862,177.3367800417675
50.81945411098613,0.02937106815937632,1.053856781689881,177.3195104026062
51.17171773811295,0.02939689447282345,1.054367256312675,177.3002670255241
51.52642314005156,0.02898513727172318,1.055723919075214,177.2767156552719
51.88358724237636,0.02950328268015755,1.054534160314747,177.2703533034025
52.24322708798416,0.02930786321519907,1.053765782680237,177.2467013082149
52.60535983790768,0.02963316833639339,1.053438507793921,177.2243130418442
52.97000277213407,0.0296141394552462,1.054185409104862,177.2105251008817
53.33717329042967,0.02940904602287811,1.054971211310659,177.1887505028147
53.70688891317018,0.02910806920486538,1.055541663412922,177.1698974447381
54.07916728217693,0.02938106368358261,1.054616530089684,177.1546593673388
54.4540261615583,0.02931898525906759,1.055024704526521,177.1333892853807
54.83148343855773,0.02948357115587232,1.055857503107875,177.1094042757296
55.21155712440695,0.02963154105266989,1.055563443669227,177.0920269511516
55.59426535518583,0.02951579542478078,1.056173309295255,177.0757024666661
55.97962639268732,0.02955479506029393,1.057738053624167,177.052675249039
56.36765862528916,0.02965373530764456,1.056323919609168,177.02785219527
56.75838056883116,0.02977660636434991,1.057017411640575,177.0092759439249
57.15181086749899,0.02940769661860553,1.056565398543718,176.9923890369301
57.54796829471346,0.02941569229546983,1.05637074170328,176.9666033403737
57.94687175402655,0.02924075322995895,1.056962551427727,176.9480785925705
58.34854028002338,0.02932397841588872,1.057419779924376,176.9279136992707
58.75299303923067,0.02929080251060286,1.057773574405458,176.9069570772042
59.16024933103099,0.02945228467773478,1.058098814338456,176.8827364142516
59.57032858858388,0.02936974667084057,1.057536614901262,176.8605148381092
59.98325037975307,0.02965243307103018,1.057818767535059,176.8423749870437
60.39903440804039,0.02963167164127701,1.058186489630416,176.8202596805266
60.81770051352566,0.0295028066371069,1.059678907349628,176.797663195895
61.23926867381364,0.02988222236051399,1.059284948892529,176.7749553095967
61.66375900498713,0.02973132555701226,1.059123847089654,176.7484801696862
62.09119176256718,0.02943709551517405,1.059172883388438,176.7260231131592
62.52158734247917,0.02923315284164683,1.059620606241723,176.701760877494
62.95496628202641,0.02940710343804572,1.059698483547713,176.6797923545797
63.39134926086987,0.02946774143046085,1.059842504973525,176.6552242811309
63.8307571020153,0.0297016682287771,1.060103023832487,176.6313133592782
64.27321077280642,0.02977342015852743,1.060254041802024,176.6038113336586
64.71873138592575,0.02940143477266537,1.059714077884684,176.5827644341341
65.1673402004018,0.02950499214377569,1.060021117020102,176.5539147272581
65.61905862262381,0.02980290114574231,1.059951831108935,176.53229440581
66.07390820736305,0.02976144461890777,1.06243274076197,176.5087164569365
66.53191065880094,0.02967173024695422,1.060471250610894,176.4823484374431
66.99308783156559,0.02948290097553732,1.061167906124502,176.4615342376536
67.45746173177378,0.02953965516312139,1.060567467663396,176.4302190265746
67.92505451808178,0.0295037464027197,1.060503438014255,176.4037309367991
68.39588850274181,0.02950745771500982,1.061039163816055,176.373711152132
68.86998615266775,0.02916261364107492,1.060834334404895,176.3460280053654
69.34737009050633,0.02947666135082255,1.061147242963641,176.3192263082659
69.82806309571733,0.0291426308781511,1.061467291790601,176.296119664045
70.31208810565967,0.02956568570843538,1.061269466184631,176.2638088059416
70.799468216687,0.02956308676342785,1.061552749621507,176.2345866599953
71.29022668524885,0.02978628675075653,1.061685391535062,176.2029090134215
71.78438692900114,0.0295423796749103,1.061872144291192,176.1794505945653
72.2819725279227,0.02969341339846046,1.062745747657801,176.1500833333662
72.78300722544149,0.02963431910002819,1.062715215306364,176.121002811382
73.28751492956667,0.02946842405604554,1.062518563768518,176.0895253314543
73.79551971403016,0.02980623757615067,1.062535455560474,176.0573638334713
74.30704581943456,0.02990471172719342,1.062161852759486,176.0301388540984
74.82211765441073,0.02971953587916512,1.062661279794483,176.000506704046
75.34075979678178,0.02934499042033262,1.063416885402393,175.9628884822724
75.86299699473649,0.02938024958852785,1.06380979351746,175.9336407928449
76.38885416800936,0.02934436620100744,1.063313601034368,175.9004472767008
76.91835640907078,0.02987459419136875,1.063239845314688,175.868868229701
77.45152898432346,0.02954133318254005,1.064219250868461,175.8339859780851
77.98839733530879,0.02947681017027985,1.064126316062582,175.7991388440104
78.52898707992003,0.02967853677337452,1.064656510633646,175.771414186701
79.07332401362567,0.02935622294469132,1.064382571279208,175.7364700368974
79.62143411069947,0.02951250582364134,1.064566767690716,175.7056739190504
80.17334352546068,0.02946641861559465,1.063869615518863,175.6676258216252
80.72907859352105,0.02948346115951949,1.065323203501086,175.6311677545026
81.28866583304263,0.02963773105987954,1.064655893966557,175.5963057308873
81.8521319460022,0.02942229913040568,1.066023066199674,175.5612794631577
82.41950381946607,0.02919731186362773,1.066486121628001,175.5238151925067
82.99080852687266,0.02952055335679381,1.066196840784239,175.4844706449132
83.56607332932444,0.02973073481500582,1.064887477725617,175.4537789107831
84.14532567688885,0.02936734775465036,1.068135837424569,175.4114452273266
84.72859320990827,0.029404055291531,1.067574528940547,175.374576441793
85.31590376031861,0.02910898911559934,1.066971307344721,175.3259427817414
85.90728535297755,0.02926880067992546,1.068155943299767,175.2953333077048
86.50276620700177,0.02925926976006209,1.06798788477543,175.2588344909491
87.10237473711376,0.02924715496773794,1.069406445865986,175.2187050942489
87.70613955499721,0.02919441532107458,1.068443039885213,175.1836364806519
88.31408947066259,0.02943078656664478,1.067159984645916,175.1381965957691
88.92625349382178,0.02934663486895638,1.066807396044671,175.0970042155513
89.54266083527256,0.02935697547148892,1.066730955900533,175.0522524672385
90.1633409082921,0.02939321440884572,1.068160377991404,175.0202354633124
90.78832333004074,0.02950725890078807,1.066933604114959,174.9666798262316
91.41763792297505,0.02973766963634426,1.066647760827671,174.9263359057218
92.05131471627126,0.02972887438276332,1.066083919983687,174.8825288157648
92.68938394725768,0.02978615084306237,1.066842707036678,174.8381485702228
93.33187606285783,0.02940654145511486,1.067194087008425,174.7955804538925
93.97882172104312,0.02948202032037736,1.067619333514576,174.7530742873507
94.63025179229615,0.02940240211881934,1.067818718507177,174.7068789900957
95.28619736108323,0.02976916709191442,1.067639423659349,174.6562291872363
95.94668972733794,0.02938050811061623,1.06834621452822,174.6130400044652
96.61176040795456,0.02959743504695834,1.067895151010243,174.5654938058796
97.28144113829239,0.02955331652362579,1.06765464930442,174.5156712053472
97.95576387368932,0.02959448654127039,1.067651653497087,174.4708054094355
98.63476079098729,0.02961270891173127,1.067997306958537,174.4215403417301
99.31846429006725,0.02947166887303184,1.068219924296137,174.3709983129602
100.0069069953958,0.02977977162380465,1.068585678767228,174.323194997367
100.7001217575811,0.02926984174081913,1.067938460206028,174.2673533498767
101.398141654941,0.02957826848816667,1.068301786001622,174.219375084643
102.1009999950813,0.02957462859223832,1.068379181524339,174.1661507990007
102.8087303164853,0.02955771160863467,1.068689529300674,174.1124830808882
103.5213663901136,0.0296040799384354,1.069157387182655,174.0665688421058
104.2389422210162,0.02987541394483657,1.068567964642427,174.0162142410098
104.9614920499546,0.02926475833181128,1.069504368279558,173.9709059598302
105.6890503550362,0.02948520405863139,1.069464553698624,173.9081193061991
106.421651853359,0.0293765023203899,1.068391517204421,173.8480827157532
107.1593315026685,0.02936312011512799,1.068553093002407,173.7878266030581
107.9021245030256,0.02953129639628276,1.068773612509243,173.7447250981624
108.6500662984867,0.02930537245757239,1.068659018938578,173.6870911539064
109.4031925787944,0.02926473170155476,1.071546261916288,173.6264545237391
110.1615392810808,0.02943325711120261,1.068223562051495,173.5663062697232
110.9251425915822,0.02967829055434436,1.067653327018628,173.5131661940503
111.6940389473663,0.02940573172956543,1.069979749340108,173.4509098372222
112.4682650380699,0.02969833833205981,1.067730790081671,173.3924287159204
113.2478578076507,0.02931630283784697,1.068466146517512,173.3371781993919
114.0328544561496,0.02952047763866605,1.068821306542833,173.2637853140404
114.8232924414656,0.02969145311656401,1.067562716220031,173.2168452283574
115.6192094811437,0.02936616650727692,1.07010905557292,173.135927393968
116.4206435541743,0.02949875792769977,1.068708895986779,173.0885081442439
117.2276329028058,0.02950843075926059,1.068604724215358,173.0341871250804
118.040216034369,0.02950126350627101,1.068009513466907,172.9665790557532
118.8584317231146,0.02944231933967006,1.067601530463452,172.8976606395925
119.682319012064,0.02906141853481099,1.06753655792174,172.8440980112156
120.5119172148716,0.02906960611942531,1.067620440870248,172.7793188288541
121.3472659177012,0.02937463907232832,1.067707723186233,172.7153341650505
122.1884049811145,0.02948753364653674,1.067075441814786,172.6461404677695
123.0353745419737,0.02925842907558183,1.06653960809206,172.5837772030474
123.8882150153564,0.0294005725693814,1.067236906706586,172.5158555982147
124.746967096484,0.02931714411830686,1.067172520233752,172.4547141285815
125.6116717626637,0.02949576527008264,1.066646358587985,172.3847394913007
126.4823702752439,0.02964450804001587,1.066137226663242,172.3139749270062
127.3591041815832,0.02940912792963046,1.065971900446412,172.2442115335482
128.2419153170324,0.0293233051303851,1.065514681932585,172.180130183272
129.1308458069313,0.02949484981046753,1.065965347319488,172.1108024159834
130.0259380686182,0.02932428637824526,1.06631534574191,172.0373652409264
130.9272348134551,0.02936133701228878,1.065871583113349,171.9690895478402
131.8347790488644,0.02952729104838818,1.065923935992107,171.8954410045182
132.7486140803819,0.02911388367762269,1.065880557585949,171.8237284087663
133.668783513723,0.0293850943889536,1.06754352796069,171.7543528910033
134.5953312568636,0.02939550216076427,1.065609420172686,171.6747472388426
135.5283015221351,0.02916144257378803,1.065794197017489,171.60281198084
136.4677388283341,0.02922253454293171,1.065614935148634,171.5286358309606
137.4136880028465,0.02935018252541562,1.065839171079147,171.4487431134805
138.3661941837874,0.02934923883139153,1.064775317027209,171.3734216975323
139.3253028221539,0.0292512942539289,1.065026313063098,171.2966522632564
140.2910596839944,0.02917027230681209,1.064651220804365,171.2100227936899
141.2635108525925,0.02964643770956628,1.064167828685199,171.1353102919766
142.2427027306659,0.0292581092308194,1.064673368812731,171.0598986202959
143.2286820425804,0.02934855962172915,1.064572221260362,170.9709260366276
144.2214958365801,0.02905767635785084,1.064226083423397,170.888833442624
145.221191487031,0.02923850832537979,1.06421510294151,170.8062267602859
146.2278166966836,0.02931348807821296,1.065831388691707,170.7206235293765
147.2414194989472,0.02951178393844913,1.065620022489619,170.6381839274423
148.2620482601837,0.02941820829459782,1.066674795095654,170.5490160223745
149.2897516820134,0.02911515253214777,1.066723174241599,170.4591157433929
150.3245788036412,0.02904822917738156,1.067085077870352,170.3709243233745
151.3665790041949,0.02939921414544178,1.066463201256247,170.2792382326307
152.4158020050826,0.02938879155917465,1.066082907198263,170.1839247292679
153.4722978723639,0.02907249907114696,1.066132051460543,170.0948400748564
154.5361170191406,0.02903987661367068,1.064717976368785,169.995159351758
155.6073102079608,0.02957743061568379,1.06414641346977,169.8952954714956
156.6859285532426,0.02924675868332336,1.064235696250329,169.8009908992395
157.772023523711,0.0290331272839989,1.063994755495321,169.705437983122
158.8656469448564,0.02901167612262719,1.063903084230578,169.5997038196671
159.9668510014057,0.02923475503203768,1.063631805764156,169.4995167138894
161.0756882398136,0.0292629283727605,1.063963680504048,169.3950612292635
162.1922115707683,0.02929737793942048,1.063868942363648,169.2930804561739
163.3164742717186,0.02936439491292848,1.063716897699688,169.1860200503733
164.4485299894143,0.02938397222408724,1.063656917110964,169.0789570262644
165.5884327424671,0.02889586494559989,1.064001892857703,168.9653304828479
166.736236923927,0.02934798201682027,1.06329504908568,168.8673953359072
167.8919973038796,0.02903783240844579,1.064713153293649,168.7439516305662
169.055769032058,0.02916094501859736,1.062942506812533,168.6302644836544
170.2276076404755,0.02967907546645985,1.062194504241966,168.5151305041073
171.407569046074,0.02926293027144556,1.062932366141882,168.3985514249368
172.5957095533942,0.02889638860945449,1.062545435831319,168.2836735090048
173.7920858572604,0.02953572059879547,1.061681677183954,168.1618694532766
174.9967550454874,0.02900098233933618,1.061955615366013,168.0411954028399
176.209774601603,0.02926019333772545,1.061169622475369,167.9171036991713
177.4312024075923,0.02922670428738676,1.06110828127053,167.7888339729919
178.6610967466591,0.02909028052665234,1.062681318829638,167.6659038061446
179.8995163060073,0.02912595448752076,1.059706518274052,167.5339492420133
181.1465201796401,0.02924967240057163,1.0595468667082,167.4158496450862
182.4021678711821,0.02898302203378054,1.058628088682462,167.2822828931234
183.6665192967162,0.02950966413665242,1.057668615513192,167.1545054838548
184.9396347876448,0.02902649611891579,1.057897824321565,167.0181252060214
186.2215750935662,0.02932726511833095,1.05629571371101,166.8911348485685
187.5124013851762,0.02963080827511375,1.055357977080009,166.7612788520876
188.8121752571847,0.02937752579383091,1.054412139508041,166.6261307062454
190.1209587312566,0.02990551311882644,1.05383145230107,166.4872710572623
191.438814258969,0.02952670892429256,1.053302862223894,166.3541087310664
192.7658047247943,0.02949821713684916,1.053272949834597,166.2291304010444
194.101993449098,0.02945865077542157,1.051686308114425,166.0831921481596
195.4474441911624,0.02924818617682962,1.050736045093057,165.9474537097512
196.8022211522269,0.02945749548846424,1.049762515111042,165.8089112464447
198.1663889785537,0.02937640247191378,1.048680303558695,165.6737966742713
199.5400127645107,0.02945127734507227,1.047081031601249,165.5303336181074
200.9231580556792,0.0297427516992131,1.046256787042254,165.3923183744225
202.3158908519798,0.02945567126865244,1.045439794817616,165.2546204940843
203.7182776108236,0.02929403834551625,1.044067575278201,165.1098594970617
205.1303852502816,0.02951498696371956,1.04260810720878,164.9685822076986
206.5522811522797,0.02925309673715199,1.042147792437848,164.8219852341521
207.9840331658119,0.02956464380684077,1.040804801497204,164.6854630557809
209.4257096101801,0.02959099875199422,1.038556582682198,164.5363008072065
210.8773792782518,0.029413574106439,1.037654028418703,164.3890097093671
212.3391114397452,0.02949362655160696,1.035973386406412,164.2473894645097
213.8109758445316,0.02895450293699566,1.034940537190068,164.0959059706265
215.2930427259671,0.02917636836987569,1.033891622504219,163.9549159889601
216.7853828042408,0.02923799342584226,1.032082780545488,163.8060051141158
218.2880672897514,0.0290124374600456,1.031456100557101,163.6545534461336
219.8011678865043,0.02941065736446087,1.028767596408825,163.5049362554033
221.3247567955334,0.02915291201458766,1.027559709319549,163.3554183229456
222.8589067183461,0.029091148695169,1.026043118694417,163.2041497399098
224.4036908603928,0.02903648542285137,1.024878607531541,163.049135454189
225.9591829345596,0.02908790247842732,1.023193351751011,162.8953695531297
227.5254571646863,0.02899706466657988,1.021734869401823,162.7386850156352
229.1025882891072,0.02894653288969119,1.020161199286191,162.5800751425573
230.6906515642186,0.02888758935214861,1.018552818143466,162.4262951782798
232.2897227680686,0.02899427178370884,1.016607835946787,162.2626182562171
233.8998782039743,0.02887500781375787,1.015160608880775,162.0999426810833
235.5211947041616,0.0291800915257043,1.013270767531375,161.9284401642433
237.1537496334322,0.0287097375124116,1.011372988607849,161.7719472959522
238.7976208928547,0.02907168725498667,1.009765627574024,161.5992369215392
240.4528869234827,0.02909422275594054,1.007927956038361,161.4322051167542
242.1196267100966,0.0289694792372743,1.006483818926335,161.2619069663648
243.7979197849735,0.02874011824749267,1.00469371116518,161.0882002514768
245.4878462316816,0.02936926695756316,1.003400778039154,160.9174175631562
247.1894866889023,0.02908519836474182,1.000996061767184,160.7285784996913
248.9029223542771,0.02893751057067099,0.99964475019042,160.5478228476213
250.6282349882834,0.02896129383761104,0.9974869081591329,160.3632782661772
252.3655069181343,0.02915960351334906,0.9955715248467288,160.1779344381003
254.1148210417085,0.02858932636537609,0.9941222189049241,159.991470636007
255.876260831505,0.0288587427226455,0.9922687482545346,159.798544776751
257.649910338627,0.0287589230423035,0.9898259968379092,159.6025348487469
259.4358541967913,0.02913428711284074,0.9874755637792085,159.4056142193108
261.2341776263685,0.02898289309640075,0.9851880075379067,159.2015984830344
263.0449664384478,0.02920122137355179,0.9833465230997416,159.0006633517326
264.8683070389332,0.02923535047981433,0.9810794661872073,158.791995109316
266.704286432665,0.02897362413245133,0.9788757836790205,158.5847549380635
268.552992227573,0.02882560853897101,0.9770420776170118,158.3709497512171
270.4145126388556,0.02900707060260943,0.9747684500596503,158.1552021893801
272.2889364931902,0.02911796597038346,0.9722732205962314,157.9364942510852
274.1763532329709,0.02903475335144635,0.970223100212012,157.7132573671519
276.0768529205772,0.02867718556917312,0.9689196220914196,157.4882222120269
277.9905262426708,0.0289004891919405,0.9658977825610224,157.2535307498286
279.9174645145238,0.02875548000029005,0.9636374246463625,157.0237681876761
281.8577596843751,0.02881164855151879,0.9609303234502062,156.784771265197
283.8115043378186,0.02883655645673552,0.958273029709774,156.5423516855282
285.7787917022208,0.02866774926277302,0.9562558100704566,156.3004247795128
287.7597156511694,0.02861024355712917,0.9533884803295241,156.0520744112397
289.7543707089525,0.02863012779234304,0.9501745500700207,155.7966240162432
291.7628520550699,0.02911972014812214,0.9473302358398338,155.5381120283378
293.7852555287735,0.02890473580268073,0.9449705940276247,155.2783778419294
295.8216776336417,0.02898269475679775,0.941741556179423,155.0058989281819
297.8722155421833,0.02900630826357586,0.9389926494548406,154.741770822287
299.936967100475,0.02839488709187485,0.9364953034758244,154.4634149666732
302.0160308328299,0.02880649630248333,0.9324792453215226,154.1827351136086
304.1095059464994,0.02842434607374013,0.929684751928658,153.898649132565
306.2174923364062,0.02886783915515259,0.9261212275977462,153.61524572626
308.3400905899122,0.02880478400388944,0.9219966019049921,153.3087551257401
310.4774019916167,0.02909111884832738,0.9178301012813345,153.0123559528934
312.6295285281911,0.02887382918356407,0.9149655855636853,152.710934225456
314.7965728932441,0.02883123869312719,0.910733069834774,152.389831416095
316.978638492223,0.02903581939182026,0.9061404967673679,152.0737525047247
319.1758294473467,0.02872789881279763,0.9025327924509013,151.7505382908503
321.3882506025758,0.02848219936099583,0.9001712649322678,151.4231167467231
323.6160075286134,0.02891358623788093,0.8948827641770307,151.0961801660019
325.8592065279448,0.02882329386894054,0.8885209428033074,150.7529267797335
328.1179546399081,0.02900122834295136,0.8834472792268269,150.3993352389238
330.3923596458033,0.02887057268900751,0.8784648932033199,150.0555721806782
332.6825300740342,0.02887243521960103,0.8730118632169204,149.6955918393657
334.9885752052875,0.02880005504803073,0.8678165642451003,149.3283686502785
337.3106050777485,0.02882474765321264,0.8616616111541174,148.9532862375115
339.6487304923489,0.02845707196674938,0.8554773325931919,148.5791919251394
342.0030630180577,0.0287711018600462,0.8488746952215889,148.1948704688821
344.3737149972014,0.02878919944580485,0.8420827296569561,147.8008582381941
346.7607995508278,0.02885222928093053,0.8356512321593343,147.4022771260108
349.1644305841007,0.02855965450644982,0.8287066554705785,146.9915742435167
351.5847227917388,0.02894849542354343,0.8196109650022383,146.5794538024741
354.0217916634842,0.02855474240148521,0.8122665083743414,146.1694074906913
356.4757534896182,0.02858523052743076,0.8035958760350683,145.7273171019771
358.9467253665053,0.02883105317081274,0.7947076183488805,145.2851713988519
361.4348252021857,0.028677126897093,0.7844370572239847,144.8502491204617
363.9401717219967,0.02858168241839785,0.7744979217442606,144.3997219833702
366.4628844742426,0.02887433877417889,0.7633553857909621,143.9387846321425
369.0030838358947,0.02863774110363631,0.7529054770452098,143.4682628116259
371.56089101834,0.02841630255830844,0.7407159882988887,142.9994741834376
374.1364280731601,0.02868141649101017,0.7279431459597968,142.5090935775081
376.7298178979604,0.02799748634809308,0.7147486195083962,142.030916729445
379.3411842422293,0.02836141889179401,0.6996592130097186,141.5329685978948
381.9706517132479,0.02807432234714112,0.6846239759246381,141.0288144092777
384.6183457820317,0.02846181726269768,0.6690389286669108,140.5231691987535
387.2843927893218,0.02821599979025161,0.6512708430914258,140.0019788636349
389.9689199516091,0.02785417030069258,0.6324287914578425,139.4874789432169
392.6720553672097,0.02804333849774953,0.6138522753340726,138.9647552555886
395.3939280223722,0.02774007330711289,0.5917414317747428,138.4350053789136
398.1346677974377,0.02812047114696184,0.56839868129928,137.9011597127504
400.8944054730323,0.02788775389884887,0.544292537267854,137.3620119523965
403.6732727363126,0.02742199151263707,0.5178063412140341,136.8251064180186
406.4714021872444,0.02795903195426354,0.488505611949047,136.2912735752485
409.2889273449351,0.02784498447753828,0.457681180080147,135.7389984333002
412.1259826540001,0.02788932847677259,0.4250120615807019,135.2074648097184
414.9827034909823,0.02774332609771842,0.387800505221635,134.6845302311991
417.8592261708079,0.02807270013436951,0.347834966969613,134.1470759146003
420.7556879532955,0.02765567226422599,0.3056742110540121,133.6317277803263
423.6722270497004,0.0277595980118793,0.2576993779807092,133.1206331224522
426.6089826293157,0.02806643794992585,0.2058463440786714,132.6156821108052
429.5660948261068,0.02780527424963963,0.1500905409393926,132.1346822294665
432.5437047454045,0.02738616547123034,0.08582272059448907,131.6616408010847
435.5419544706318,0.02709598967434217,0.01575959000421227,131.2189313979077
438.5609870700902,0.02760550082553125,-0.06307572409781272,130.8055986105411
441.6009466037801,0.02691206827563759,-0.1515011622621611,130.4137877141414
444.6619781302811,0.02722560639814041,-0.2500265598640464,130.0573441197735
447.744227713668,0.02693284161264133,-0.3623858573708374,129.7594120174529
450.8478424304863,0.02741943957909743,-0.4908584864270221,129.5097095463731
453.9729703767645,0.02719777465131343,-0.6377492481883912,129.3137621018535
457.1197606750865,0.02690084362553418,-0.8117800919817675,129.1955469706345
460.2883634817018,0.02691688456258653,-1.018196397784168,129.175907136221
463.4789299936962,0.02664227216220999,-1.264894884242507,129.2748115015403
466.6916124562007,0.02672428309546401,-1.550609247688594,129.513852436682
469.9265641696619,0.02666340599948401,-1.866483239688205,129.8937281837218
473.1839394971518,0.02698708584994534,-2.198608994747131,130.5264732580018
476.4638938717385,0.02743136040078215,-2.558519495970231,131.3428373457675
479.7665838038982,0.0269322513655442,-2.930927942791596,132.4512241181394
483.0921668889886,0.02703022022077711,-3.323280542610023,133.9119657309764
486.4408018147632,0.02672130459105116,-3.742086196523551,135.7640889923148
489.8126483689496,0.02637637997698436,-4.16925408013289,138.1023084421161
493.207867446868,0.02687576290918343,-4.611722285790473,141.0045664582742
496.6266210591145,0.02624210520893766,-5.039458422804534,144.5722360115148
500.0690723392864,0.02656568554068579,-5.500640257906769,148.9192933904865
503.5353855517716,0.02637564595577265,-5.932800181109449,154.1235612591219
507.0257260995817,0.02635932456761951,-6.327149919167685,160.2476631283179
510.5402605322497,0.02608885914676502,-6.662609658845792,167.3154549235599
514.0791565537729,0.0266687768917643,-6.854138550171786,174.9575753353726
517.6425830306187,0.02645072875697865,-6.88451590122848,-177.1695900662033
521.2307099997793,0.02673569219858958,-6.7376641222778,-169.6457296048389
524.8437086768887,0.02681636323924734,-6.44392384165199,-162.7210020767612
528.4817514643895,0.0269445717354795,-6.06207154955185,-156.6947765987822
532.1450119597622,0.02718715777431762,-5.619494847032001,-151.5597899145531
535.8336649638065,0.02675467009671542,-5.153628257271818,-147.3129748526838
539.5478864889844,0.02684469787208467,-4.699197440771109,-143.858145752202
543.2878537678167,0.02738854326002841,-4.254891745555937,-141.0747504882934
547.0537452613428,0.02701063558120916,-3.831568449096414,-138.8704716301172
550.8457406676334,0.02694629127181357,-3.433928236520216,-137.1292297620144
554.6640209303685,0.02702717988649589,-3.062114727973491,-135.8070024695048
558.5087682474679,0.02697328664232421,-2.714141286287075,-134.790596794398
562.3801660797885,0.0267648001505826,-2.384975991231593,-134.0556887442966
566.278399159876,0.02666714951253563,-2.077278101031715,-133.537555314939
570.2036535007823,0.02688970892245835,-1.7951253110203,-133.1851644176091
574.1561164049384,0.02686995776959401,-1.525225468394142,-132.9738339607117
578.1359764730955,0.02697459118966203,-1.270021379370451,-132.8900079981269
582.1434236133214,0.02726980230745011,-1.048209751968121,-132.880139017231
586.1786490500646,0.02748894228007171,-0.8457642703762835,-132.9412716656952
590.2418453332774,0.02704906956099372,-0.6743553883106368,-133.0603660250251
594.3332063476057,0.0268397558722147,-0.5268358475391476,-133.2019834816601
598.4529273216381,0.02708279875058256,-0.4031695204405547,-133.4038096726707
602.6012048372246,0.02740833655289363,-0.2929778566871394,-133.6312917816988
606.7782368388544,0.02723923758356767,-0.1956559098743723,-133.878096538275
610.9842226431031,0.02762876509273626,-0.1106891715714476,-134.1730512811231
615.2193629481419,0.02725211755770036,-0.03392132605635433,-134.4684695140985
619.4838598433165,0.02783892358173067,0.03403082513228544,-134.7945310070681
623.7779168187877,0.0277041608585663,0.09609767334565245,-135.1437219521382
628.1017387752439,0.02721081068623059,0.1511310803160808,-135.5065552855893
632.4555320336763,0.02773886335416294,0.2019553322496764,-135.8818456079979
636.839504345225,0.02773452671717174,0.2479259866086385,-136.2608436345001
641.2538649010935,0.02827144955157574,0.2900166228704861,-136.658149481156
645.6988243425272,0.02824772180344125,0.3279043889555139,-137.0715313193256
650.1745947708691,0.02747581950441369,0.3641284654699556,-137.4690550108235
654.6813897576766,0.02840481446978776,0.3994465631676253,-137.8731088236593
659.2194243549159,0.02810041427704593,0.4309228667188613,-138.2813269864681
663.7889151052209,0.02803459115642941,0.4602678758854448,-138.6964296873798
668.3900800522289,0.02789577859483692,0.4858053324057308,-139.121421466256
673.0231387509816,0.02804662006880728,0.5083267978514274,-139.5139675615028
677.6883122784055,0.02788236419479572,0.5290334973950748,-139.9549698441892
682.3858232438573,0.02810906793925356,0.5496548630637912,-140.3722359183019
687.1158957997496,0.02810519790401757,0.5719349492720116,-140.7816706066651
691.8787556522441,0.02840069843086183,0.5887425266099816,-141.1954625488196
696.674630072024,0.02788650612519079,0.6068538834357541,-141.6113670835151
701.5037479051363,0.02849773076954137,0.6271084066534118,-142.0233506210537
706.3663395839144,0.02819813332818377,0.6421517628591988,-142.4212824331815
711.2626371379708,0.0285768748146762,0.6544382598513041,-142.825401340511
716.1928742052725,0.02864036675797881,0.6678418151976762,-143.2236451336219
721.1572860432851,0.02798247373124805,0.6834947779891976,-143.6249687121272
726.1561095402031,0.02768437535053821,0.6974017701360358,-144.0099115586629
731.1895832262501,0.02799417835906649,0.7075028167428411,-144.3948244186987
736.2579472850633,0.0282393931459194,0.7173466770027654,-144.7829470721204
741.3614435651524,0.02811711391326008,0.7309091623120999,-145.1653648987694
746.5003155914417,0.02788381913261729,0.7406009555802506,-145.536192995756
751.6748085768886,0.02874737335461153,0.7479073777500203,-145.9138796259741
756.8851694341871,0.02886373685564994,0.7564458593797123,-146.2781488716214
762.1316467875464,0.02855013793942111,0.7656368115661656,-146.644882485093
767.414490984558,0.02894037118562735,0.7735826087780022,-147.0014666050758
772.7339541081386,0.02866302892370944,0.7826810303881921,-147.3527519495597
778.0902899885618,0.02874537869852081,0.7909054296456206,-147.7064993128462
783.4837542155665,0.02854779728422892,0.7984845713723193,-148.0474510617547
788.9146041505574,0.02886306634688127,0.8047913599020859,-148.3975893787839
794.3830989388811,0.02917933030706549,0.8115963913053331,-148.7255274551558
799.8894995221956,0.02846499344065558,0.8188202771505294,-149.0541259666999
805.4340686509186,0.0285496129784491,0.8255349135667199,-149.3866026437514
811.0170708967684,0.02857020820673796,0.8310881635921697,-149.717039216624
816.6387726653846,0.02799045601998606,0.8371846397981779,-150.0301197890686
822.299442209045,0.02880615922353775,0.8421910408140076,-150.3445501172421
827.9993496394612,0.02870547856156921,0.848057122850704,-150.6546389709288
833.7387669406713,0.02900609735525108,0.8532193677188176,-150.9659017291588
839.5179679820155,0.02886398243213237,0.8583136853857982,-151.266763202567
845.3372285312066,0.02864510032262281,0.8632589794156798,-151.5665021862078
851.1968262674866,0.02849816934760358,0.8681502953597138,-151.8601848062161
857.0970407948797,0.02905011929831121,0.8708809568477988,-152.1512968681831
863.0381536555309,0.02876899794138918,0.8766215074372643,-152.4387398272882
869.0204483431438,0.02890767607275093,0.8815319215978392,-152.717029443768
875.0442103165046,0.02899316308505996,0.8846800543196044,-153.0016260343584
881.1097270131073,0.02936484466386892,0.888560955072486,-153.2784549597294
887.2172878628655,0.02949464215810017,0.8919410473104629,-153.5501165146495
893.367184301927,0.02906879698723756,0.896935229622236,-153.8084187670214
899.5597097865764,0.02934862111793955,0.8997172673990803,-154.0788275508427
905.7951598072423,0.02919179305840817,0.9034342907894961,-154.3372094853527
912.0738319025928,0.02950239723540964,0.9066427751843911,-154.5949252637746
918.3960256737379,0.0289709695431728,0.910687208970324,-154.8468244375941
924.7620427985212,0.02865206973197661,0.9124482977503829,-155.1050668007898
931.1721870459187,0.029662687426553,0.9153280910374637,-155.3505987909702
937.626764290531,0.02919627404009076,0.9185124178831301,-155.5947236456184
944.1260825271819,0.028556303895162,0.9225956699483926,-155.8377011093053
950.6704518856111,0.02899302032969539,0.9253429203680598,-156.0725389482249
957.2601846452776,0.02926628074774975,0.927220986897761,-156.3088126596432
963.8955952502553,0.02920883936817511,0.930226759098012,-156.5390640800517
970.5770003242429,0.02889573628016252,0.9332226973921208,-156.7686242920732
977.3047186856674,0.02832064862622066,0.9360701020892988,-156.9935372100973
984.0790713629018,0.02911769231449226,0.9373516841902617,-157.2096589240466
990.9003816095806,0.02942252943578515,0.9396540516465551,-157.4290132652819
997.7689749200243,0.02894543674927593,0.9428778204284693,-157.6428443316913
1004.685179044774,0.02894534278500832,0.9455878598559858,-157.8690085474487
1011.649324006228,0.0292746042298825,0.9470702060543004,-158.0886064982121
1018.661742114391,0.02901097581431865,0.9489750396663097,-158.2876184993191
1025.72276798273,0.02899713604138913,0.9539833877642044,-158.4866111351168
1032.832738544142,0.02923239501907835,0.9543846494718066,-158.6918794493632
1039.991993067032,0.02920420787234196,0.9547818626275327,-158.902891839724
1047.200873171501,0.02870748191029037,0.9587782843313286,-159.1010007132301
1054.459722845645,0.03011053419568078,0.9583881126511713,-159.2937725143171
1061.768888461977,0.02944215346674547,0.9615214404519262,-159.4811485885731
1069.128718793943,0.0296482258129684,0.9620519450552831,-159.6744331289482
1076.539565032577,0.02953629892250511,0.9647224508220996,-159.8699183304471
1084.001780803248,0.02928214928125387,0.9654844398177873,-160.0529284109751
1091.515722182542,0.02942409666624041,0.9671386725226971,-160.2345248578736
1099.081747715249,0.03038901295526617,0.9685631147924736,-160.4219038206687
1106.700218431474,0.02945964862088449,0.9712974489598112,-160.599423446137
1114.37149786386,0.03023599240233125,0.9710207184697749,-160.7814737974938
1122.095952064941,0.02922258378280298,0.9742869193070723,-160.9597487572114
1129.873949624605,0.03010156088017727,0.9744811209912976,-161.1279044623956
1137.705861687683,0.02920044947117426,0.976723810781145,-161.3047369155031
1145.592061971658,0.02958870680678439,0.976512508405924,-161.474946052167
1153.532926784502,0.02976538971540813,0.9786410980246146,-161.6356616670346
1161.528835042624,0.0295059367019424,0.9810140677807854,-161.8057790349657
1169.580168288962,0.02974555219057929,0.9816727271875783,-161.9710976312068
1177.687310711178,0.02974985858153791,0.9823520276213515,-162.1352160841157
1185.85064916,0.02920617221531947,0.9841030767226445,-162.3005272651477
1194.070573167674,0.02963078045659026,0.9852453886109847,-162.4601131771094
1202.347474966557,0.028360342343489,0.9881722157833239,-162.6112386884665
1210.681749507827,0.02946711673864993,0.988107033049679,-162.759557979343
1219.073794480339,0.02976957480030174,0.9889433267060757,-162.9160812830037
1227.524010329588,0.02979323475756047,0.9891213605409926,-163.0641319455536
1236.032800276832,0.03040290643478362,0.9907182786185098,-163.2236251963556
1244.600570338319,0.03010016173889513,0.9910672521546799,-163.36845206404
1253.227729344671,0.02941699900895541,0.9932531366798272,-163.5155678360443
1261.914688960387,0.02966892939688921,0.993651448373044,-163.6611039657785
1270.661863703488,0.02998624996839354,0.9939994127933518,-163.8089451508091
1279.469670965296,0.03009131641725421,0.9973934062040078,-163.9463002548899
1288.338531030355,0.02993380794979055,0.9963449353318249,-164.0894280415456
1297.268867096477,0.02964881865932402,0.9984287171865065,-164.2337516970536
1306.261105294945,0.02990317322974959,0.9985339609259167,-164.3744505466449
1315.315674710841,0.02990612908818045,0.9994662939190353,-164.5077817926974
1324.433007403524,0.02960468731423398,1.001196552073364,-164.6415905411689
1333.613538427244,0.02962545647705615,1.001776942872986,-164.782333129527
1342.857705851905,0.03076031460162661,1.00039878389875,-164.8971116488717
1352.165950783964,0.02983785607288167,1.003511927982442,-165.0425722567047
1361.538717387484,0.02994822476919324,1.003719679243672,-165.1578907598401
1370.976452905323,0.03025907217107913,1.004450809920262,-165.2931328579815
1380.479607680485,0.03075537041812786,1.004801242655023,-165.4216935429679
1390.048635177594,0.03064964905907158,1.006310394903543,-165.5443036145133
1399.683992004547,0.0299602571656718,1.008496172972365,-165.667985603083
1409.386137934294,0.02937041386437303,1.010938856633839,-165.7939690682331
1419.155535926778,0.03028291936994015,1.007831852297531,-165.9271522394178
1428.992652151027,0.03026303869772094,1.009222421713472,-166.0475817164323
1438.8979560074,0.03008956575484405,1.012310586011648,-166.1580083806559
1448.87192014998,0.02992108491873558,1.010715768609763,-166.2780715661186
1458.915020509138,0.03019476840212723,1.011394690377002,-166.3994670323486
1469.02773631423,0.02922734206399879,1.013262828738146,-166.5121698457978
1479.210550116476,0.03062251079471992,1.012100071513456,-166.6347689816417
1489.463947811978,0.03086336597235718,1.011931773121396,-166.7452168738455
1499.788418664912,0.03076010606331302,1.012530453174657,-166.8544098086633
1510.184455330868,0.03005770299211279,1.013412793012947,-166.9715782905836
1520.652553880364,0.0303941081172363,1.014240559937517,-167.0871812793383
1531.193213822513,0.02961508122611065,1.014890680868795,-167.1973130268356
1541.806938128861,0.02992171584926281,1.016502972181146,-167.3017057930207
1552.494233257384,0.03048208438188937,1.015866590529555,-167.4077110262032
1563.25560917666,0.02968857432934684,1.016260431476378,-167.5159867684563
1574.091579390198,0.02983676781369203,1.017924325527003,-167.6231258197649
1585.002660960944,0.03013868086351473,1.017448427991477,-167.7234274784627
1595.989374535954,0.03021622602766009,1.018545247730807,-167.8322305048986
1607.052244371235,0.03062503535614522,1.018902173741318,-167.9307841671665
1618.191798356765,0.03046888010600889,1.018330635879845,-168.0376646467246
1629.40856804168,0.02999066842094123,1.019494721083213,-168.1367694970447
1640.703088659637,0.03062967532333488,1.019380252439581,-168.2388723795011
1652.075899154358,0.0303344787470323,1.020298704166394,-168.3419502050521
1663.527542205343,0.03000497945690256,1.02160772835183,-168.4329896264338
1675.058564253766,0.03088107547465972,1.021009269924826,-168.5302480637815
1686.669515528551,0.03097190213560812,1.020905466636659,-168.6299198883414
1698.360950072629,0.03069249354959507,1.022442324873287,-168.7239471595745
1710.133425769367,0.0307856301464885,1.02283939040292,-168.817827741089
1721.987504369202,0.03043294141637321,1.023248429109119,-168.9179553328317
1733.923751516434,0.03071499577182859,1.023745042316651,-169.0124335659939
1745.942736776224,0.03044754926395282,1.02328827397225,-169.1057928719935
1758.045033661769,0.0310026187090859,1.023629715709012,-169.1976054078136
1770.231219661672,0.03082219274686811,1.023975730838131,-169.2882864992525
1782.501876267492,0.03067311538163236,1.026754381218364,-169.3855456014304
1794.857589001498,0.03133813717531199,1.023732588140395,-169.473082698903
1807.298947444604,0.03093954631422482,1.02737819864815,-169.5545937199502
1819.826545264504,0.03126987862875632,1.026405716441135,-169.6450210266922
1832.440980244,0.03028746581099652,1.026972999615961,-169.7379344203995
1845.142854309528,0.03064403130626539,1.029576539765103,-169.8246364954735
1857.932773559874,0.03072897260354794,1.027697616801164,-169.9115987144237
1870.811348295105,0.03096721080938463,1.027349634348776,-169.9991503114491
1883.779193045684,0.0305720710584426,1.027766780379983,-170.0752896751186
1896.836926601796,0.03047887825335971,1.02990403846126,-170.1645626128513
1909.985172042873,0.03116089428031968,1.02999679414484,-170.2433509104536
1923.224556767331,0.03160108482818253,1.027876577434066,-170.3334671931637
1936.555712522499,0.03131205166439562,1.03015284340265,-170.4177127300302
1949.979275434775,0.0313706349689426,1.029079565633262,-170.5045091936595
1963.49588603997,0.03072731530900005,1.029854700763735,-170.5863320009923
1977.106189313879,0.03110661312287749,1.029185457341945,-170.6586562482999
1990.810834703055,0.03178995529281138,1.029567623990933,-170.739166579485
2004.6104761558,0.03145325851152135,1.029607103653211,-170.8208239277928
2018.50577215337,0.03101167340054079,1.031009955521707,-170.895463757124
2032.497385741392,0.03222909517073985,1.030074370392122,-170.9823125276857
2046.58598456151,0.03186892122551993,1.029512667400644,-171.0602470453587
2060.772240883233,0.03134622408255848,1.030890552126756,-171.1373805552085
2075.056831636026,0.03222819397992066,1.032949199544382,-171.2063474148284
2089.440438441601,0.03198423105207972,1.03151615183695,-171.2834931029053
2103.923747646447,0.03073873244400301,1.032690681441859,-171.3637779081136
2118.507450354579,0.03162237925086536,1.031967238122308,-171.4349775341738
2133.192242460517,0.03174691820898189,1.034567646310503,-171.5197233032432
2147.978824682491,0.03139520550276496,1.03116790892229,-171.5873785256741
2162.867902595877,0.03085435939418044,1.033502294193192,-171.6602248639649
2177.860186666868,0.03134222298828275,1.03316792179685,-171.7342880075921
2192.956392286371,0.0324776318228757,1.031465491828982,-171.8050246762255
2208.157239804148,0.03136408094781915,1.037076538017078,-171.8775826949044
2223.463454563184,0.03131018452028626,1.036279757910522,-171.9581676499311
2238.875766934304,0.03221158945804212,1.03516425504969,-172.0227347536398
2254.394912351022,0.03218140769555092,1.033223865046071,-172.090929157332
2270.021631344631,0.03219749622878067,1.034644271547249,-172.1627826639134
2285.756669579545,0.03215868784156368,1.037371674155622,-172.2279277381978
2301.600777888873,0.03242845297388787,1.037188054860174,-172.2973781294407
2317.554712310252,0.03251568560413533,1.036880552404156,-172.3747248888326
2333.619234121925,0.03195605687332194,1.035243916095923,-172.4353301559944
2349.795109879059,0.03178055251294048,1.036192063857228,-172.5036857053287
2366.083111450329,0.03219216818123505,1.038498295562847,-172.5663403055954
2382.48401605475,0.03212746592925724,1.037326705284425,-172.6310203971501
2398.998606298758,0.03243842613628556,1.039303262845158,-172.6969670669251
2415.62767021356,0.03165699372219009,1.036699615676464,-172.772051919273
2432.372001292736,0.03290629357765429,1.035580854327708,-172.830504365629
2449.232398530097,0.03184343714378971,1.038918631492231,-172.9100110176334
2466.209666457818,0.03366128545125498,1.037145622721145,-172.9595147520092
2483.304615184822,0.03148787944970124,1.039988576532292,-173.0340095274665
2500.51806043544,0.03208380259490891,1.036185899628054,-173.0991772069895
2517.850823588335,0.03267710334948941,1.036241267068422,-173.1591361857505
2535.303731715691,0.03266559260241035,1.040440085410261,-173.2143416722918
2552.877617622687,0.0330765819669231,1.039549294105816,-173.2873140767515
2570.573319887231,0.03336460356319849,1.038173109039183,-173.3474834916099
2588.391682899972,0.03311303445688499,1.03987719728621,-173.4055471489182
2606.333556904598,0.0326071688695374,1.036808789536162,-173.4779111141119
2624.399798038407,0.03336459851004266,1.036828649165603,-173.5338577899815
2642.59126837315,0.03233060665297758,1.036708070930926,-173.5950585369624
2660.908835956182,0.03339723145976433,1.040277118793313,-173.6509772437693
2679.35337485187,0.03172496813837535,1.041190308849155,-173.7135116359273
2697.925765183307,0.03339973588692562,1.041124032274691,-173.7643460926215
2716.626893174308,0.03270731981849635,1.037546445591337,-173.8393468819701
2735.457651191698,0.03386024428014656,1.037056804996946,-173.8961929497646
2754.418937787893,0.03333660808440263,1.039754252251685,-173.9521538524452
2773.511657743777,0.03368788416963629,1.040073339884513,-174.0136178440935
2792.736722111875,0.03339959183277363,1.040777345563254,-174.0766266203625
2812.095048259828,0.0335936828396781,1.03795792911079,-174.1251884744848
2831.587559914163,0.03323471133053332,1.038289783648446,-174.1837717690647
2851.215187204377,0.03411383540832359,1.037618928272434,-174.2471922556966
2870.978866707312,0.03382184268428512,1.040851131988649,-174.2997491596866
2890.879541491855,0.03380608128251509,1.040627167653907,-174.349068184078
2910.918161163932,0.03373270632467933,1.040916818178705,-174.4165008219924
2931.095681911823,0.03425991995096876,1.039400755714479,-174.4651223875298
2951.413066551789,0.03385626050455347,1.039271945172132,-174.5273282117004
2971.871284574014,0.03321794305857188,1.039073056101104,-174.5797279430996
2992.471312188867,0.0342773313127156,1.041794380923651,-174.6311402641787
3013.214132373484,0.0337682798527648,1.040714281912756,-174.6846160787925
3034.100734918674,0.03481228564645038,1.042365145713134,-174.7414343455828
3055.132116476146,0.03375074745603693,1.039256796799001,-174.8001838059486
3076.30928060607,0.03427929788911098,1.039475839498196,-174.8538980083946
3097.633237824963,0.03449136204723115,1.042453711653152,-174.9090061206263
3119.105005653907,0.03518387343223733,1.041436259429963,-174.9598884377491
3140.725608667105,0.03444886478287695,1.043065724795142,-175.0220674411341
3162.496078540767,0.03377747913383629,1.042591931254728,-175.0503889482382
3184.417454102341,0.03496197777422652,1.041868530221897,-175.1100493293694
3206.490781380084,0.03344336172437457,1.041904854713178,-175.1750968736019
3228.717113652973,0.03452186598331746,1.040871008554278,-175.2247161329746
3251.097511500968,0.03463584806675569,1.040088580262309,-175.271885780614
3273.633042855618,0.03491272642961297,1.042502054462737,-175.3226214820098
3296.324783051017,0.03516299701991147,1.041799488021853,-175.3794064574624
3319.173814875122,0.03466468497076961,1.040718977322619,-175.4319914717534
3342.181228621416,0.0344392610312458,1.041916627538997,-175.4841123676191
3365.348122140935,0.03503297659615509,1.039820869059014,-175.5342044422583
3388.675600894657,0.03474580576022222,1.043057549146621,-175.5763234904193
3412.164778006248,0.03488471772189117,1.043608306088504,-175.637598027783
3435.816774315177,0.03518092478272865,1.042580368725317,-175.6726949818714
3459.632718430204,0.03498549770485482,1.040313226941196,-175.7367615818818
3483.613746783229,0.03545951097179529,1.040677446127158,-175.7794147861235
3507.761003683523,0.03464796216197921,1.042769007759403,-175.8306224003564
3532.07564137233,0.03623691552286345,1.040821538044347,-175.8878107074775
3556.558820077847,0.03507428416747684,1.040271877792059,-175.9313278341244
3581.21170807059,0.03671490654590279,1.039328450600443,-175.9800537342756
3606.035481719139,0.035720539386281,1.042389999579988,-176.0299944220363
3631.031325546272,0.03490862773967178,1.042497971957506,-176.0800954092305
3656.200432285486,0.03586375580352055,1.042459160918597,-176.113750367135
3681.544002937912,0.03610257661921643,1.041830205090983,-176.1668670776589
3707.063246829624,0.03562828039455689,1.040718151534918,-176.2222049671024
3732.759381669341,0.03704394199764246,1.039965192419371,-176.2583616327457
3758.633633606538,0.03621539215597296,1.042393433511858,-176.3145878156196
3784.687237289952,0.03618360159759966,1.043516845260341,-176.3594770058967
3810.921435926495,0.0358541136111348,1.043320262122713,-176.4098210800261
3837.33748134058,0.0358917851497421,1.043010731388912,-176.4596238485689
3863.936634033849,0.03732196603905714,1.04096154661779,-176.5082101659423
3890.720163245327,0.03687836016479268,1.04346307322966,-176.5409236863942
3917.689347011981,0.03635207304943518,1.043356717105144,-176.5971478810106
3944.845472229709,0.03677070222451982,1.043332871217797,-176.6435454260646
3972.189834714744,0.03692811850036148,1.042954243552165,-176.6941154849811
3999.723739265489,0.03686025891805745,1.042640020257882,-176.7278048293363
4027.448499724778,0.03729348000193716,1.042193491620846,-176.7856847972597
4055.365439042566,0.03681276979641795,1.041934259192538,-176.8239999334209
4083.47588933906,0.03739613388917515,1.040792428326504,-176.8637445105313
4111.781191968285,0.03705716175306388,1.043249939040851,-176.915709508072
4140.282697582086,0.03757831636570425,1.041798780196197,-176.9615736187031
4168.981766194579,0.03779799067123747,1.042960937571796,-177.0066727348119
4197.87976724705,0.03794837130106891,1.043477009986769,-177.0408518455322
4226.978079673296,0.03843210820745296,1.042067505865801,-177.0997679486009
4256.278091965426,0.03734670345810558,1.043496834521244,-177.1358324126243
4285.781202240119,0.03871974970536354,1.042751629700577,-177.1767400016063
4315.488818305334,0.03811638492255283,1.042855578663524,-177.2220246261305
4345.402357727491,0.03750367199699126,1.042895604269752,-177.2665080952858
4375.523247899107,0.03864626609882242,1.042182835576249,-177.3074814004772
4405.852926106914,0.03853924288000374,1.043416884162754,-177.357044549648
4436.392839600439,0.03667925449062404,1.043479812259476,-177.4047442403125
4467.144445661065,0.03820856048378651,1.043182940731834,-177.4366345608684
4498.109211671564,0.03807540688606147,1.043391968572861,-177.4888236001795
4529.288615186122,0.03874227980622142,1.04052697526672,-177.5351171314153
4560.684144000838,0.03846781111093724,1.040839519019111,-177.5782664529082
4592.297296224726,0.03950227515610597,1.043129916552658,-177.6136381546311
4624.129580351192,0.03899162682144585,1.043684782431165,-177.6536270960835
4656.182515330019,0.03780473954313191,1.043777291750625,-177.6998024089999
4688.457630639847,0.03828706181077977,1.043679524040531,-177.7394200443659
4720.956466361156,0.0401000313598661,1.042193690739545,-177.7844246234974
4753.680573249756,0.03727792362647177,1.042608032951777,-177.8293329385518
4786.631512810777,0.03964858720275211,1.042841590599549,-177.8675434168852
4819.810857373192,0.04005584612782459,1.041986993262511,-177.915622881132
4853.220190164833,0.03966164201584332,1.042609887651272,-177.9546668548906
4886.861105387946,0.03960120218310526,1.042583426652883,-177.9981714015171
4920.735208295258,0.04109079312272028,1.04074963495405,-178.0383798947821
4954.844115266574,0.04109162254995249,1.042208089977483,-178.0823019408417
4989.189453885912,0.03737313591077,1.041078852842526,-178.1219986733579
5023.772863019163,0.04004756353623604,1.040787383388919,-178.1604113601185
5058.595992892292,0.04077750552431342,1.041696897199756,-178.2064993695014
5093.660505170084,0.04061282886971121,1.043044262139418,-178.2470774314422
5128.968073035438,0.03724578644902973,1.042808200232586,-178.2901216775522
5164.520381269195,0.04037866605716055,1.043099101848453,-178.324371756969
5200.319126330547,0.04132168163829227,1.042034665019759,-178.3694278679887
5236.366016437974,0.04058724093571946,1.043393178847303,-178.409575880101
5272.662771650763,0.03587754950923732,1.041124254015054,-178.4432597909863
5309.211123951082,0.04147715638804958,1.04180363743053,-178.4938536973203
5346.012817326627,0.0415112829160129,1.042170735394489,-178.5341308729751
5383.069607853834,0.04051129620077051,1.041863885622896,-178.5713821110859
5420.383263781689,0.03471808853663699,1.040432091863901,-178.6150213563529
5457.955565616085,0.04169311089205854,1.040815358590141,-178.6553999435985
5495.788306204793,0.04171995296653558,1.041499381135773,-178.7025446747671
5533.883290823022,0.04040894573195592,1.040603122801758,-178.7314401994686
5572.242337259539,0.03449753862536636,1.041438973028294,-178.7735170372133
5610.867275903426,0.04236831475081587,1.041685500307456,-178.8118822915541
5649.759949831413,0.04267871032186809,1.041940556962547,-178.8477353631216
5688.922214895831,0.04180346467706934,1.042588753658155,-178.8961890761952
5728.355939813161,0.03552604649081977,1.041647392893773,-178.93491671259
5768.063006253211,0.04298056415668389,1.041329653158918,-178.9767028700869
5808.045308928901,0.04338283347092489,1.0411811316677,-179.0170021986658
5848.30475568667,0.04229174074724667,1.042863950530532,-179.054376765413
5888.843267597522,0.03780988370457209,1.040798479906768,-179.1002860132536
5929.662779048685,0.04299033705457592,1.041138283013411,-179.1362538508571
5970.765237835919,0.04385330680224496,1.041075658318312,-179.1677332282044
6012.152605256461,0.04416808814622028,1.041252109022512,-179.2189136699413
6053.826856202611,0.04030269861730494,1.042914626064686,-179.2540304312259
6095.789979255966,0.03134796932326619,1.041262146575375,-179.2952130083282
6138.043976782315,0.04285874272217996,1.042391237734027,-179.3277252749308
6180.590865027181,0.04436625566625323,1.041618158712691,-179.376875848236
6223.432674212035,0.04332073557385425,1.040432566207592,-179.4092166527408
6266.571448631171,0.03774171127772204,1.040665734372748,-179.4545345015077
6310.009246749253,0.0441234648877007,1.041052461732048,-179.4856440190689
6353.74814129954,0.0448278521191172,1.03741669082518,-179.5381476258488
6397.790219382795,0.04512093402577827,1.038213175855215,-179.5658690232696
6442.137582566868,0.04274692944965221,1.037848143133141,-179.6190361049016
6486.792346986984,0.03318447830294881,1.039830235853907,-179.6514153538826
6531.756643446715,0.04455519620158582,1.039633375721484,-179.6959286783567
6577.032617519661,0.04601511270913543,1.040066044009013,-179.73401975129
6622.622429651821,0.04600650144358568,1.036568498361575,-179.7713050270333
6668.528255264699,0.04084700925537603,1.039638965557492,-179.8011159609455
6714.752284859092,0.03020456307179123,1.038049080639704,-179.8461585622978
6761.296724119632,0.04651099428573665,1.039822217010886,-179.8856361643537
6808.163794020017,0.04598185387717436,1.040831888762337,-179.9254163808906
6855.355730929007,0.04534465969171755,1.040624887578379,-179.9673336905545
6902.874786717125,0.04140826906467194,1.039773733608779,179.9951466904994
6950.723228864116,0.03217834941876015,1.039181901686379,179.955003474787
6998.903340567145,0.04631586598086528,1.039243010075926,179.9265405941575
7047.417420849743,0.04687685881088575,1.039755431368426,179.8848096480384
7096.26778467151,0.04739306445611733,1.03617352215669,179.8369053013249
7145.456763038578,0.04371229807567818,1.035624373091421,179.8048739530516
7194.986703114846,0.03202176568558655,1.035416519559791,179.7624966806192
7244.859968333972,0.04695022345433791,1.037248253140668,179.7212380819699
7295.078938512156,0.04829184472920316,1.036604386027599,179.6760682565842
7345.646009961693,0.04786045414202159,1.036869506472065,179.6481331814928
7396.563595605325,0.04619468067555764,1.03606062132106,179.602899112669
7447.834125091371,0.03577871018499649,1.035274743559519,179.567608358987
7499.460044909671,0.0425488899767945,1.035961915507386,179.5209609442506
7551.443818508321,0.04822082536110475,1.034595756183478,179.4830778673551
7603.787926411224,0.04860609627905462,1.035812022929336,179.4490355329208
7656.494866336454,0.04770424007288546,1.036916478462096,179.4144314250346
7709.567153315436,0.04188769132069774,1.035347926882901,179.355123884674
7763.007319812966,0.03799194689802428,1.033978677555831,179.3282890267222
7816.817915848041,0.04858886358867658,1.035943117429581,179.3002089547382
7871.001509115549,0.04930373246981493,1.034892773120632,179.2503621041323
7925.56068510879,0.04948429076408856,1.034647902091567,179.2130798954814
7980.498047242842,0.04742157377609264,1.034942703779288,179.173916315056
8035.816216978799,0.03921011141382973,1.03426944152909,179.1273022826396
8091.517833948854,0.04312126852168547,1.032958007629035,179.0947290824622
8147.605556082256,0.04925420360122264,1.033758624678729,179.0652038534128
8204.082059732138,0.0497324734168471,1.033381190581664,179.0134476420739
8260.950039803227,0.05009740497799944,1.033751472484487,178.9754755440326
8318.212209880443,0.04782681915100225,1.034961400913461,178.9432422613356
8375.871302358368,0.03935912468601402,1.03344792627505,178.8931995492569
8433.930068571646,0.04496308602989557,1.032663264368848,178.8559530408766
8492.391278926259,0.05028915959540259,1.032416806733281,178.8146997825822
8551.257723031726,0.05092102498723054,1.032520919343689,178.7791754503181
8610.532209834215,0.0511869497023323,1.032117981006405,178.7397645927105
8670.217567750578,0.04969938489583478,1.031988881573646,178.6983185545801
8730.316644803321,0.04218319887923937,1.031903767232579,178.6523921802439
8790.832308756491,0.04310705905293761,1.033428044493443,178.6201461588768
8851.767447252532,0.05056727551816152,1.031306435997496,178.575696482961
8913.124967950067,0.05220868910855471,1.031362677496487,178.546528758264
8974.907798662645,0.05212972980657393,1.032051673346865,178.496868311814
9037.118887498449,0.05134690687487457,1.033067052849395,178.4624196374128
9099.761203000973,0.04727682954265759,1.030975765658966,178.4207769756086
9162.837734290672,0.03875878988531831,1.030086800433069,178.3897450915959
9226.35149120759,0.04902601233957578,1.031075755313817,178.3352972224236
9290.305504454991,0.05241611826676095,1.031887216515408,178.2997809287115
9354.702825743965,0.05280856982663786,1.0303298531048,178.2487306333418
9419.546527939059,0.05349846581125272,1.030447686433485,178.2100628036491
9484.839705204895,0.05182420461904189,1.030047848526894,178.1729128002426
9550.58547315382,0.0453590670408715,1.029584315069718,178.1363782087608
9616.786968994573,0.04260100987906221,1.031487894719689,178.098348066313
9683.447351681989,0.05270151546321995,1.027743983928601,178.056962734043
9750.569802067728,0.05390815105178137,1.028985441562215,178.0051647587123
9818.157523052065,0.05408296579232624,1.027335915713831,177.9661785907975
9886.213739736711,0.05411128079415595,1.029029356203894,177.9326913539157
9954.741699578723,0.05250009983702958,1.028251312709696,177.8885316771992
10023.74467254545,0.04671382732568569,1.028151247648837,177.8426672866764
10093.22595127057,0.04256379569463183,1.02900562128278,177.8105487218464
10163.18885121121,0.05294337470613673,1.027909177982652,177.7693455106724
10233.63671080616,0.0546065312204004,1.028626019124891,177.7228176597096
10304.57289163513,0.05473280737038944,1.028428784299121,177.684336671124
10376.00077857923,0.05519493590501287,1.027912895752686,177.6435617381581
10447.9237799824,0.0551797516533724,1.028502791683696,177.5948777217186
10520.34532781413,0.05132456281459112,1.028281895981332,177.5574383000426
10593.26887783316,0.04142635615245815,1.026365913133633,177.5137763993806
10666.69790975242,0.04995753552270789,1.02794635547917,177.4813293324737
10740.63592740506,0.05527070050295738,1.027136133999165,177.4245100387721
10815.08645891162,0.05604967854545181,1.025225848587209,177.392258530272
10890.05305684843,0.05564094299099278,1.025465960489111,177.3432182836802
10965.53929841708,0.05669223502044011,1.025290018066587,177.307816294132
11041.54878561515,0.05633920736445717,1.025806864116426,177.2656528723292
11118.08514540808,0.05172102939945197,1.025861857923189,177.2145798110343
11195.15202990221,0.042209411008905,1.023354052676526,177.1880966161097
11272.75311651909,0.05398242581906366,1.023872320123341,177.1438617087993
11350.89210817095,0.05700646231432167,1.02536585061764,177.0935682162196
11429.57273343735,0.0569522920234835,1.023903165642269,177.0519271736675
11508.79874674314,0.05604678658884372,1.024665796261738,177.0100708566486
11588.57392853762,0.05783340988502032,1.024932694684954,176.9582259708312
11668.9020854749,0.05789471003461625,1.025539796768214,176.9237416158345
11749.78705059554,0.05561316238931372,1.024128373603738,176.8750408922625
11831.23268350948,0.04648770514716966,1.024252813203362,176.8444909925407
11913.24287058021,0.05130795101074885,1.024909455010161,176.799882074281
11995.82152511019,0.05760202656380553,1.023339344548946,176.7500853533861
12078.9725875276,0.05853197961497073,1.023758158803239,176.7028452625789
12162.70002557436,0.0579339753306752,1.024534207186515,176.6686795149027
12247.00783449547,0.05872959494168825,1.023563639860798,176.6137503031668
12331.90003722965,0.05931263523425711,1.02169674263714,176.5733280531564
12417.38068460128,0.05861479364889023,1.023944427428042,176.5389679990583
12503.45385551372,0.05429625231638765,1.021535236930946,176.4823265680251
12590.12365714396,0.04323079441011839,1.019706581280736,176.437573585464
12677.39422513855,0.05418219801245846,1.021414952174055,176.3905624127278
12765.26972381098,0.05936741658809649,1.020578144922925,176.3557116320882
12853.7543463404,0.05929617066982421,1.021379553460318,176.3239960693513
12942.85231497167,0.05902706053797412,1.020035068635019,176.2594450759594
13032.56788121685,0.05907631439716669,1.020596090717512,176.2194463720742
13122.9053260581,0.05905357713390003,1.021027745195854,176.1599001478343
13213.86896015192,0.05955610009789772,1.020913980844008,176.1264068143774
13305.46312403482,0.05811950505967724,1.020788733124906,176.0815475755678
13397.69218833053,0.04933959313908921,1.019812955442631,176.0376144433292
13490.56055395844,0.05376799892597337,1.018615709154662,175.9849170684808
13584.07265234369,0.06028640191047704,1.019044523762274,175.9358418996313
13678.23294562858,0.06176120816746621,1.0157449996441,175.8935653851815
13773.04592688552,0.06023717775909949,1.017081437281027,175.8470847276574
13868.51612033138,0.06109714384944531,1.01696253364261,175.8046264009189
13964.64808154342,0.06180706619515218,1.015574981933173,175.7546735466794
14061.44639767666,0.06111351569893107,1.015514217731641,175.7112312092538
14158.91568768275,0.06166210610788288,1.014825503456106,175.6552998535068
14257.06060253039,0.05882212471695292,1.016762379736792,175.6071178803816
14355.88582542723,0.05082297954588758,1.015064890867007,175.5707960276026
14455.3960720434,0.05469191294293303,1.013900821958237,175.5187414961168
14555.59609073648,0.06008762102452102,1.01663076927462,175.4746686717741
14656.49066277808,0.06247554740817696,1.014395757974247,175.4233418634662
14758.08460258202,0.06244473879446057,1.013233765932299,175.3764332059501
14860.38275793402,0.0623847398354522,1.012151510743535,175.3168930043822
14963.39001022308,0.06280677372026677,1.013057995086286,175.2770865049268
15067.11127467435,0.06211830606006365,1.012072427352144,175.2209439257257
15171.55150058367,0.06304347435986667,1.011911011258691,175.1764662753353
15276.71567155381,0.06394989091295675,1.010818705695524,175.1372323274036
15382.60880573219,0.05894139861488186,1.010960085240884,175.0815027089656
15489.23595605037,0.04724800632296331,1.011685208747413,175.0418925877942
15596.60221046517,0.05963366392098192,1.009172192680592,174.9886733521678
15704.71269220143,0.06289276260609598,1.010519633880012,174.936178907862
15813.5725599965,0.06376848735867893,1.011085188778611,174.8881089199964
15923.18700834637,0.06308294923863032,1.009809497126868,174.8418362176578
16033.56126775358,0.06377026974484794,1.009547315487118,174.7910701116439
16144.70060497676,0.06364569786635327,1.008556352967009,174.7446961180749
16256.61032328198,0.06256241538807769,1.008797185801015,174.6918502396258
16369.29576269579,0.06426414943590258,1.007698522098455,174.6424560894365
16482.76230026004,0.06405028448522533,1.008530031252915,174.5930329370666
16597.01535028845,0.06413818434359403,1.007273721609755,174.534459613598
16712.06036462496,0.05628555133826063,1.006055286605886,174.4951105436961
16827.9028329039,0.05394971628980516,1.00691489736894,174.4400847311184
16944.54828281193,0.06278380642576578,1.005438407524355,174.3834470179002
17062.00228035179,0.06549565229016412,1.004218396261205,174.3327143293393
17180.27043010791,0.06535340986411133,1.004444939337517,174.2685633622767
17299.35837551386,0.06598261853889641,1.004625693720466,174.2218716374167
17419.27179912161,0.06516761938146798,1.004858099467472,174.1865603931596
17540.01642287269,0.06656548006282688,1.003489402007427,174.1248824108914
17661.59800837125,0.063605046275952,1.001881269859321,174.071387950197
17784.02235715897,0.06625308869919608,1.003420782831245,174.0150345468942
17907.29531099187,0.06598797439891223,1.004022651400184,173.9655005144243
18031.42275211914,0.06654594285114962,1.001913146618178,173.9080625015181
18156.41060356371,0.0633961174738376,1.002146063397374,173.8554294368123
18282.26482940501,0.05455664726921169,1.000563886248055,173.8011464345975
18408.99143506342,0.06138455846145225,0.9997126715558347,173.7461691110965
18536.59646758698,0.06617380837437306,1.00010498281349,173.6967284305387
18665.08601593982,0.06730376207556725,0.9995791414453183,173.6510664663882
18794.46621129275,0.06733665884026832,0.9969299738104529,173.5891919553474
18924.74322731586,0.06740857455922651,0.9979621603522897,173.5310108022828
19055.92328047304,0.06643533291210117,0.9986438181563929,173.4655929656395
19188.01263031866,0.06680821461890385,0.9960800562800419,173.4240066227947
19321.01757979627,0.06191314531447475,0.9962028558611775,173.3663551182339
19454.9444755393,0.05683094875597441,0.994925383038054,173.3086744107184
19589.79970817398,0.06722073250243957,0.9955714696556929,173.2520905279405
19725.58971262421,0.06785874231246239,0.9942150342675249,173.2008260138271
19862.32096841868,0.06831129467947361,0.9946866398042753,173.1433635049621
20000,0.0634195340764645,0.9970725797825799,173.0884432634184
